Scenario no.,SB0,BM0
0,"(40, 2016, 86.4, 277.2)","(40, -1, 65.5, 262.8)"
1,"(0, 2014, 102.7, 254.7)","(0, -1, 116.6, 240.6)"
2,"(19, 2015, 89.8, 242.1)","(19, -1, 92.1, 234.4)"
3,"(19, 2016, 67.8, 354.2)","(19, -1, 58.2, 320.4)"
4,"(102, 2015, 134.6, 265.8)","(102, -1, 138.3, 263.4)"
5,"(19, 2017, 112.9, 222.5)","(19, -1, 93.1, 229.4)"
6,"(40, 2015, 141.0, 308.2)","(40, -1, 141.3, 299.0)"
7,"(8, 2016, 83.0, 225.1)","(8, -1, 82.9, 222.0)"
8,"(25, 2012, 83.6, 271.5)","(25, -1, 92.7, 246.5)"
9,"(102, 2013, 126.0, 376.4)","(102, -1, 105.8, 357.3)"
10,"(58, 2015, 103.7, 273.8)","(58, -1, 106.9, 265.2)"
11,"(104, 2017, 125.3, 326.5)","(104, -1, 114.1, 333.4)"
12,"(104, 2015, 121.1, 302.9)","(104, -1, 140.0, 292.9)"
13,"(4, 2015, 118.9, 227.5)","(4, -1, 100.6, 215.4)"
14,"(58, 2013, 49.6, 329.8)","(58, -1, 51.9, 349.1)"
15,"(102, 2017, 141.0, 371.2)","(102, -1, 136.0, 357.9)"
16,"(102, 2015, 99.6, 218.6)","(102, -1, 93.5, 224.7)"
17,"(104, 2015, 80.0, 350.7)","(104, -1, 85.9, 386.8)"
18,"(4, 2016, 124.4, 338.0)","(4, -1, 121.1, 312.8)"
19,"(40, 2012, 122.3, 373.3)","(40, -1, 142.0, 340.8)"
20,"(104, 2017, 99.6, 220.8)","(104, -1, 98.3, 246.0)"
21,"(25, 2014, 50.7, 261.1)","(25, -1, 57.0, 272.6)"
22,"(19, 2014, 81.0, 338.9)","(19, -1, 84.2, 343.9)"
23,"(0, 2017, 110.6, 204.4)","(0, -1, 105.7, 167.5)"
24,"(19, 2013, 97.8, 346.8)","(19, -1, 96.2, 354.8)"
25,"(40, 2017, 65.1, 371.6)","(40, -1, 64.6, 393.9)"
26,"(0, 2017, 118.9, 290.7)","(0, -1, 135.5, 273.9)"
27,"(8, 2014, 89.5, 286.9)","(8, -1, 90.3, 288.3)"
28,"(19, 2012, 55.4, 255.7)","(19, -1, 49.8, 246.5)"
29,"(104, 2014, 125.4, 201.0)","(104, -1, 131.7, 193.1)"
30,"(4, 2012, 109.1, 237.3)","(4, -1, 114.0, 222.2)"
31,"(19, 2012, 110.4, 396.0)","(19, -1, 106.7, 403.9)"
32,"(19, 2016, 74.7, 373.5)","(19, -1, 70.0, 371.4)"
33,"(19, 2014, 94.2, 253.3)","(19, -1, 75.6, 248.5)"
34,"(102, 2015, 116.0, 392.7)","(102, -1, 109.6, 421.3)"
35,"(0, 2017, 94.3, 273.5)","(0, -1, 93.0, 296.1)"
36,"(4, 2013, 102.8, 259.5)","(4, -1, 106.5, 272.3)"
37,"(0, 2015, 109.2, 230.6)","(0, -1, 129.2, 247.6)"
38,"(25, 2014, 95.3, 380.3)","(25, -1, 84.0, 371.9)"
39,"(102, 2014, 101.9, 397.4)","(102, -1, 111.5, 469.3)"
40,"(19, 2015, 172.8, 265.5)","(19, -1, 150.8, 272.0)"
41,"(8, 2016, 122.5, 340.7)","(8, -1, 117.8, 305.1)"
42,"(102, 2014, 86.5, 267.1)","(102, -1, 102.3, 249.3)"
43,"(8, 2016, 95.0, 221.0)","(8, -1, 85.9, 226.3)"
44,"(0, 2017, 83.7, 278.5)","(0, -1, 85.0, 259.8)"
45,"(0, 2017, 69.0, 310.3)","(0, -1, 72.0, 313.7)"
46,"(25, 2013, 149.8, 224.6)","(25, -1, 111.9, 204.2)"
47,"(40, 2014, 64.5, 363.7)","(40, -1, 69.4, 368.3)"
48,"(40, 2015, 76.4, 299.5)","(40, -1, 76.0, 303.8)"
49,"(58, 2016, 128.8, 246.9)","(58, -1, 116.3, 261.7)"
50,"(104, 2013, 118.4, 318.6)","(104, -1, 121.6, 314.9)"
51,"(25, 2012, 134.4, 358.7)","(25, -1, 119.1, 356.3)"
52,"(4, 2013, 118.4, 265.5)","(4, -1, 108.9, 242.5)"
53,"(25, 2016, 118.5, 340.3)","(25, -1, 99.8, 343.3)"
54,"(104, 2014, 111.0, 285.6)","(104, -1, 113.0, 285.1)"
55,"(4, 2014, 117.9, 392.8)","(4, -1, 116.1, 437.9)"
56,"(4, 2012, 142.1, 354.2)","(4, -1, 149.5, 335.7)"
57,"(102, 2016, 141.4, 271.3)","(102, -1, 150.1, 302.1)"
58,"(19, 2014, 109.8, 203.5)","(19, -1, 110.7, 219.5)"
59,"(58, 2014, 85.0, 331.5)","(58, -1, 79.3, 360.0)"
60,"(102, 2016, 88.8, 239.6)","(102, -1, 84.8, 260.6)"
61,"(8, 2013, 128.3, 224.4)","(8, -1, 124.3, 227.9)"
62,"(0, 2017, 92.3, 386.4)","(0, -1, 86.2, 434.9)"
63,"(19, 2015, 140.5, 400.0)","(19, -1, 149.6, 453.0)"
64,"(40, 2013, 111.6, 254.0)","(40, -1, 149.9, 262.3)"
65,"(25, 2016, 106.0, 260.4)","(25, -1, 107.1, 256.6)"
66,"(25, 2017, 58.0, 233.0)","(25, -1, 57.8, 190.5)"
67,"(58, 2013, 81.0, 291.5)","(58, -1, 68.9, 299.9)"
68,"(25, 2014, 114.4, 373.2)","(25, -1, 111.9, 341.0)"
69,"(25, 2017, 72.4, 340.3)","(25, -1, 79.5, 343.8)"
70,"(19, 2017, 107.4, 369.3)","(19, -1, 107.3, 344.5)"
71,"(25, 2016, 80.7, 245.7)","(25, -1, 88.0, 225.6)"
72,"(25, 2014, 113.1, 346.1)","(25, -1, 93.4, 396.2)"
73,"(104, 2014, 123.3, 383.7)","(104, -1, 116.1, 388.0)"
74,"(25, 2014, 54.3, 256.3)","(25, -1, 53.0, 242.6)"
75,"(19, 2017, 67.7, 338.1)","(19, -1, 64.1, 327.6)"
76,"(102, 2013, 136.3, 280.1)","(102, -1, 155.2, 303.9)"
77,"(40, 2015, 56.7, 258.0)","(40, -1, 60.0, 261.7)"
78,"(40, 2012, 96.7, 393.9)","(40, -1, 112.1, 371.6)"
79,"(0, 2015, 95.8, 269.7)","(0, -1, 98.2, 218.1)"
80,"(4, 2012, 102.3, 221.6)","(4, -1, 105.2, 236.4)"
81,"(40, 2016, 45.7, 277.7)","(40, -1, 40.4, 265.0)"
82,"(19, 2015, 134.7, 289.5)","(19, -1, 131.1, 320.2)"
83,"(0, 2017, 119.4, 350.4)","(0, -1, 123.7, 356.5)"
84,"(40, 2012, 123.5, 390.0)","(40, -1, 132.7, 372.1)"
85,"(0, 2014, 111.1, 363.4)","(0, -1, 102.0, 394.1)"
86,"(4, 2016, 82.2, 386.2)","(4, -1, 77.4, 412.9)"
87,"(8, 2015, 125.7, 295.0)","(8, -1, 134.9, 317.7)"
88,"(25, 2013, 153.9, 343.9)","(25, -1, 171.4, 390.0)"
89,"(8, 2016, 85.2, 261.8)","(8, -1, 72.8, 274.4)"
90,"(0, 2014, 107.5, 213.9)","(0, -1, 125.2, 213.2)"
91,"(19, 2014, 82.8, 273.1)","(19, -1, 71.6, 306.8)"
92,"(8, 2017, 86.6, 339.6)","(8, -1, 100.0, 371.1)"
93,"(0, 2014, 112.8, 254.9)","(0, -1, 112.6, 242.3)"
94,"(102, 2012, 115.1, 372.3)","(102, -1, 132.6, 413.6)"
95,"(40, 2015, 35.7, 358.2)","(40, -1, 41.1, 319.2)"
96,"(0, 2016, 134.9, 238.8)","(0, -1, 128.8, 244.3)"
97,"(8, 2015, 94.4, 266.2)","(8, -1, 93.9, 293.6)"
98,"(102, 2017, 90.5, 365.1)","(102, -1, 87.2, 367.0)"
99,"(8, 2015, 89.2, 248.8)","(8, -1, 87.7, 261.0)"
100,"(8, 2012, 150.7, 266.3)","(8, -1, 168.1, 283.9)"
101,"(19, 2012, 108.4, 268.6)","(19, -1, 106.2, 253.0)"
102,"(19, 2014, 114.3, 360.2)","(19, -1, 133.4, 388.3)"
103,"(8, 2015, 99.1, 207.4)","(8, -1, 108.3, 215.4)"
104,"(19, 2017, 119.6, 214.8)","(19, -1, 112.5, 205.7)"
105,"(25, 2012, 80.7, 315.7)","(25, -1, 74.4, 362.4)"
106,"(4, 2017, 104.4, 279.4)","(4, -1, 107.4, 276.6)"
107,"(8, 2014, 126.4, 326.6)","(8, -1, 122.9, 324.9)"
108,"(4, 2016, 156.7, 253.3)","(4, -1, 164.3, 249.1)"
109,"(25, 2012, 74.2, 381.9)","(25, -1, 61.6, 379.2)"
110,"(58, 2012, 140.1, 352.2)","(58, -1, 121.6, 313.6)"
111,"(104, 2016, 48.3, 213.5)","(104, -1, 42.6, 207.5)"
112,"(8, 2016, 55.4, 356.8)","(8, -1, 60.8, 330.6)"
113,"(19, 2012, 62.8, 393.9)","(19, -1, 52.4, 415.0)"
114,"(0, 2016, 85.6, 388.5)","(0, -1, 94.8, 338.3)"
115,"(0, 2016, 106.9, 347.1)","(0, -1, 99.0, 402.5)"
116,"(58, 2014, 106.5, 224.7)","(58, -1, 103.6, 233.2)"
117,"(0, 2012, 93.8, 315.2)","(0, -1, 87.9, 344.1)"
118,"(58, 2016, 81.1, 256.8)","(58, -1, 89.2, 275.5)"
119,"(19, 2014, 123.4, 394.0)","(19, -1, 143.7, 392.8)"
120,"(19, 2012, 116.7, 343.5)","(19, -1, 114.8, 326.3)"
121,"(104, 2012, 95.2, 322.2)","(104, -1, 85.6, 318.0)"
122,"(104, 2012, 110.6, 339.0)","(104, -1, 121.6, 323.4)"
123,"(104, 2016, 129.4, 287.6)","(104, -1, 110.7, 286.7)"
124,"(8, 2016, 146.2, 274.5)","(8, -1, 151.7, 275.3)"
125,"(19, 2015, 81.6, 387.2)","(19, -1, 74.9, 378.1)"
126,"(8, 2014, 107.0, 266.4)","(8, -1, 88.3, 277.0)"
127,"(0, 2015, 106.5, 208.3)","(0, -1, 103.5, 188.6)"
128,"(104, 2017, 73.5, 280.2)","(104, -1, 68.0, 262.4)"
129,"(104, 2014, 86.3, 358.1)","(104, -1, 91.4, 347.9)"
130,"(19, 2013, 115.3, 329.7)","(19, -1, 115.0, 326.6)"
131,"(104, 2015, 117.3, 392.4)","(104, -1, 130.7, 385.2)"
132,"(8, 2017, 109.2, 221.2)","(8, -1, 98.1, 207.2)"
133,"(104, 2012, 100.3, 382.3)","(104, -1, 100.7, 352.4)"
134,"(25, 2017, 83.6, 273.8)","(25, -1, 81.0, 297.1)"
135,"(19, 2013, 108.2, 294.8)","(19, -1, 100.2, 283.0)"
136,"(0, 2013, 51.6, 285.7)","(0, -1, 61.4, 282.0)"
137,"(25, 2013, 140.0, 223.3)","(25, -1, 142.1, 214.6)"
138,"(19, 2014, 112.3, 249.6)","(19, -1, 126.7, 248.3)"
139,"(58, 2016, 107.0, 348.5)","(58, -1, 107.0, 318.2)"
140,"(104, 2016, 113.9, 204.6)","(104, -1, 110.4, 227.8)"
141,"(0, 2013, 110.8, 226.8)","(0, -1, 109.9, 225.0)"
142,"(104, 2016, 34.6, 205.0)","(104, -1, 31.8, 219.3)"
143,"(40, 2017, 112.0, 371.5)","(40, -1, 110.4, 346.6)"
144,"(0, 2012, 81.3, 323.5)","(0, -1, 78.0, 322.4)"
145,"(58, 2016, 73.8, 234.0)","(58, -1, 77.9, 217.6)"
146,"(40, 2014, 97.1, 353.8)","(40, -1, 86.5, 342.1)"
147,"(19, 2013, 106.2, 393.4)","(19, -1, 85.4, 361.0)"
148,"(4, 2015, 94.5, 386.9)","(4, -1, 83.1, 359.3)"
149,"(104, 2012, 105.5, 384.3)","(104, -1, 124.5, 395.2)"
150,"(0, 2015, 83.6, 201.6)","(0, -1, 79.7, 216.7)"
151,"(25, 2013, 80.2, 317.8)","(25, -1, 86.3, 289.9)"
152,"(58, 2017, 94.5, 251.3)","(58, -1, 112.2, 257.0)"
153,"(40, 2013, 107.2, 312.9)","(40, -1, 106.2, 339.2)"
154,"(102, 2015, 114.2, 263.6)","(102, -1, 92.3, 244.0)"
155,"(104, 2013, 113.7, 230.7)","(104, -1, 119.1, 231.7)"
156,"(104, 2013, 117.7, 288.9)","(104, -1, 119.3, 288.8)"
157,"(8, 2013, 79.4, 299.0)","(8, -1, 70.0, 295.9)"
158,"(104, 2016, 84.3, 398.0)","(104, -1, 73.4, 375.4)"
159,"(58, 2017, 77.7, 208.5)","(58, -1, 78.9, 219.0)"
160,"(58, 2016, 90.9, 260.2)","(58, -1, 85.9, 249.8)"
161,"(4, 2014, 90.7, 370.4)","(4, -1, 93.4, 283.8)"
162,"(58, 2015, 75.2, 331.9)","(58, -1, 73.4, 345.8)"
163,"(104, 2012, 98.8, 365.3)","(104, -1, 113.9, 355.6)"
164,"(104, 2015, 81.4, 332.1)","(104, -1, 81.4, 335.1)"
165,"(19, 2015, 54.9, 351.9)","(19, -1, 58.4, 357.4)"
166,"(8, 2014, 98.2, 298.6)","(8, -1, 89.4, 281.4)"
167,"(19, 2017, 92.5, 241.0)","(19, -1, 92.6, 225.0)"
168,"(58, 2016, 99.6, 362.0)","(58, -1, 89.2, 370.0)"
169,"(19, 2012, 77.2, 313.6)","(19, -1, 77.6, 283.4)"
170,"(58, 2012, 110.7, 227.9)","(58, -1, 107.8, 204.7)"
171,"(40, 2014, 110.9, 361.0)","(40, -1, 97.0, 354.6)"
172,"(102, 2013, 104.5, 391.7)","(102, -1, 113.4, 405.3)"
173,"(0, 2015, 81.4, 269.2)","(0, -1, 64.9, 259.9)"
174,"(104, 2015, 87.6, 258.7)","(104, -1, 83.4, 299.9)"
175,"(25, 2012, 115.9, 216.4)","(25, -1, 116.0, 225.0)"
176,"(58, 2015, 110.3, 332.9)","(58, -1, 108.5, 289.8)"
177,"(40, 2012, 106.9, 391.8)","(40, -1, 100.8, 335.8)"
178,"(104, 2016, 97.5, 227.2)","(104, -1, 95.9, 226.0)"
179,"(8, 2016, 102.0, 297.0)","(8, -1, 95.8, 295.2)"
180,"(19, 2012, 118.4, 219.6)","(19, -1, 110.0, 218.2)"
181,"(102, 2014, 63.6, 206.8)","(102, -1, 59.9, 219.6)"
182,"(40, 2015, 137.9, 332.9)","(40, -1, 124.7, 384.3)"
183,"(19, 2017, 78.5, 373.5)","(19, -1, 76.6, 364.0)"
184,"(25, 2017, 75.4, 267.5)","(25, -1, 69.1, 267.9)"
185,"(40, 2012, 89.5, 375.2)","(40, -1, 72.2, 366.1)"
186,"(19, 2014, 117.8, 223.4)","(19, -1, 104.7, 220.0)"
187,"(19, 2017, 91.3, 247.6)","(19, -1, 81.9, 265.3)"
188,"(102, 2017, 82.8, 380.3)","(102, -1, 73.8, 346.1)"
189,"(102, 2016, 121.9, 301.7)","(102, -1, 124.3, 250.9)"
190,"(19, 2015, 84.6, 321.6)","(19, -1, 80.7, 329.4)"
191,"(8, 2015, 106.2, 207.6)","(8, -1, 104.6, 223.8)"
192,"(19, 2016, 105.8, 225.7)","(19, -1, 96.5, 240.1)"
193,"(102, 2013, 129.5, 211.2)","(102, -1, 125.9, 226.5)"
194,"(102, 2012, 158.0, 381.0)","(102, -1, 189.4, 399.7)"
195,"(40, 2014, 89.0, 227.0)","(40, -1, 96.7, 255.7)"
196,"(4, 2014, 42.6, 369.9)","(4, -1, 43.9, 394.2)"
197,"(8, 2017, 153.9, 270.2)","(8, -1, 169.1, 268.9)"
198,"(8, 2017, 83.0, 360.1)","(8, -1, 79.4, 405.5)"
199,"(104, 2013, 113.7, 273.0)","(104, -1, 119.4, 236.7)"
200,"(4, 2014, 93.6, 253.5)","(4, -1, 94.1, 251.7)"
201,"(40, 2014, 69.1, 218.7)","(40, -1, 57.7, 234.5)"
202,"(104, 2015, 87.1, 256.1)","(104, -1, 88.9, 250.4)"
203,"(25, 2012, 94.6, 294.3)","(25, -1, 99.3, 266.5)"
204,"(0, 2015, 111.2, 363.5)","(0, -1, 119.2, 402.8)"
205,"(8, 2016, 114.2, 290.5)","(8, -1, 136.4, 274.4)"
206,"(40, 2017, 109.7, 394.3)","(40, -1, 89.2, 342.6)"
207,"(40, 2015, 100.9, 308.3)","(40, -1, 95.7, 307.4)"
208,"(0, 2013, 80.6, 205.0)","(0, -1, 86.3, 212.3)"
209,"(104, 2012, 65.6, 283.1)","(104, -1, 75.4, 262.6)"
210,"(4, 2013, 116.7, 337.8)","(4, -1, 101.6, 342.0)"
211,"(4, 2012, 83.8, 246.9)","(4, -1, 75.1, 269.8)"
212,"(0, 2012, 104.4, 339.7)","(0, -1, 105.5, 355.3)"
213,"(19, 2012, 95.4, 300.7)","(19, -1, 117.8, 283.9)"
214,"(104, 2014, 88.3, 205.1)","(104, -1, 83.0, 226.6)"
215,"(104, 2017, 104.3, 354.9)","(104, -1, 96.0, 357.5)"
216,"(25, 2015, 112.0, 312.1)","(25, -1, 108.1, 310.2)"
217,"(25, 2014, 129.1, 216.5)","(25, -1, 135.7, 224.2)"
218,"(0, 2017, 105.9, 295.0)","(0, -1, 112.0, 269.3)"
219,"(19, 2014, 109.6, 257.5)","(19, -1, 105.3, 238.9)"
220,"(102, 2015, 130.3, 375.9)","(102, -1, 109.2, 367.0)"
221,"(19, 2013, 105.5, 257.0)","(19, -1, 100.1, 222.4)"
222,"(8, 2017, 109.2, 388.3)","(8, -1, 106.1, 404.8)"
223,"(4, 2012, 56.5, 309.2)","(4, -1, 57.2, 311.4)"
224,"(4, 2013, 100.7, 264.7)","(4, -1, 100.6, 299.5)"
225,"(8, 2013, 48.7, 362.7)","(8, -1, 51.5, 367.7)"
226,"(4, 2017, 101.4, 339.5)","(4, -1, 119.9, 325.3)"
227,"(25, 2016, 88.8, 282.8)","(25, -1, 95.0, 292.7)"
228,"(8, 2017, 109.6, 325.9)","(8, -1, 118.7, 347.5)"
229,"(40, 2014, 117.5, 355.7)","(40, -1, 102.3, 344.1)"
230,"(40, 2012, 111.5, 370.3)","(40, -1, 84.0, 361.3)"
231,"(40, 2015, 103.1, 363.3)","(40, -1, 96.3, 378.0)"
232,"(8, 2013, 93.0, 233.2)","(8, -1, 94.0, 242.3)"
233,"(40, 2016, 161.4, 365.7)","(40, -1, 153.6, 347.4)"
234,"(102, 2016, 100.6, 211.7)","(102, -1, 111.1, 197.0)"
235,"(102, 2013, 97.0, 240.0)","(102, -1, 109.1, 243.3)"
236,"(58, 2017, 76.5, 324.6)","(58, -1, 72.4, 284.1)"
237,"(4, 2017, 89.2, 222.9)","(4, -1, 74.7, 206.3)"
238,"(58, 2017, 117.5, 320.7)","(58, -1, 141.4, 299.1)"
239,"(102, 2013, 120.4, 261.6)","(102, -1, 138.4, 297.2)"
240,"(8, 2017, 76.9, 285.9)","(8, -1, 75.0, 310.3)"
241,"(19, 2016, 103.2, 263.0)","(19, -1, 88.8, 274.1)"
242,"(4, 2014, 50.6, 214.0)","(4, -1, 49.1, 227.6)"
243,"(40, 2017, 95.6, 300.2)","(40, -1, 95.4, 333.9)"
244,"(8, 2016, 52.1, 392.7)","(8, -1, 53.9, 386.2)"
245,"(0, 2016, 103.0, 322.4)","(0, -1, 92.7, 331.0)"
246,"(4, 2016, 101.1, 260.0)","(4, -1, 102.0, 291.9)"
247,"(0, 2014, 101.2, 391.2)","(0, -1, 100.1, 392.6)"
248,"(58, 2014, 122.1, 277.8)","(58, -1, 112.2, 263.5)"
249,"(0, 2017, 59.0, 339.5)","(0, -1, 58.2, 322.8)"
250,"(25, 2014, 121.3, 326.8)","(25, -1, 104.5, 352.7)"
251,"(104, 2015, 96.4, 390.6)","(104, -1, 101.3, 410.9)"
252,"(25, 2015, 114.7, 382.9)","(25, -1, 94.7, 379.1)"
253,"(19, 2015, 76.8, 229.6)","(19, -1, 70.7, 246.6)"
254,"(19, 2015, 115.9, 217.1)","(19, -1, 105.1, 203.8)"
255,"(104, 2012, 75.5, 361.9)","(104, -1, 90.1, 376.5)"
256,"(104, 2012, 98.7, 381.0)","(104, -1, 96.9, 410.4)"
257,"(102, 2017, 138.1, 298.6)","(102, -1, 134.5, 266.2)"
258,"(0, 2012, 67.4, 338.2)","(0, -1, 77.4, 346.5)"
259,"(19, 2013, 112.4, 214.0)","(19, -1, 112.4, 206.9)"
260,"(104, 2012, 74.9, 244.0)","(104, -1, 76.8, 265.0)"
261,"(102, 2017, 98.5, 229.9)","(102, -1, 89.4, 214.5)"
262,"(102, 2013, 70.7, 320.2)","(102, -1, 67.3, 355.9)"
263,"(4, 2016, 75.7, 239.5)","(4, -1, 80.2, 229.2)"
264,"(104, 2012, 118.7, 212.0)","(104, -1, 137.1, 215.3)"
265,"(25, 2014, 97.6, 260.4)","(25, -1, 97.4, 277.1)"
266,"(102, 2017, 90.6, 335.4)","(102, -1, 87.6, 295.3)"
267,"(0, 2015, 69.6, 315.6)","(0, -1, 67.5, 320.3)"
268,"(25, 2013, 113.7, 266.1)","(25, -1, 116.9, 297.8)"
269,"(0, 2017, 103.6, 366.7)","(0, -1, 109.7, 348.6)"
270,"(58, 2016, 99.0, 255.3)","(58, -1, 105.9, 223.6)"
271,"(25, 2012, 79.1, 252.1)","(25, -1, 82.9, 283.3)"
272,"(8, 2015, 64.0, 312.0)","(8, -1, 58.3, 345.6)"
273,"(25, 2014, 94.4, 295.6)","(25, -1, 123.0, 291.8)"
274,"(58, 2016, 84.6, 289.2)","(58, -1, 99.3, 298.7)"
275,"(19, 2017, 48.8, 231.2)","(19, -1, 51.0, 247.8)"
276,"(19, 2014, 127.3, 300.9)","(19, -1, 117.0, 299.2)"
277,"(102, 2012, 101.4, 251.8)","(102, -1, 99.2, 245.9)"
278,"(104, 2013, 59.6, 278.4)","(104, -1, 60.1, 285.1)"
279,"(40, 2016, 129.0, 346.7)","(40, -1, 126.8, 270.3)"
280,"(0, 2012, 90.8, 387.4)","(0, -1, 82.1, 372.5)"
281,"(104, 2012, 67.6, 354.8)","(104, -1, 74.9, 313.6)"
282,"(40, 2013, 84.9, 281.1)","(40, -1, 89.8, 266.5)"
283,"(25, 2013, 100.8, 318.6)","(25, -1, 96.5, 339.4)"
284,"(102, 2012, 107.5, 349.3)","(102, -1, 104.7, 332.4)"
285,"(25, 2013, 73.4, 282.8)","(25, -1, 78.4, 281.9)"
286,"(4, 2016, 114.4, 272.0)","(4, -1, 101.8, 253.9)"
287,"(19, 2013, 88.2, 227.0)","(19, -1, 92.2, 264.9)"
288,"(19, 2016, 82.4, 347.3)","(19, -1, 85.1, 340.8)"
289,"(8, 2012, 92.3, 367.7)","(8, -1, 94.6, 349.0)"
290,"(40, 2015, 89.8, 263.3)","(40, -1, 99.8, 293.7)"
291,"(8, 2012, 115.1, 356.7)","(8, -1, 99.9, 393.6)"
292,"(19, 2017, 125.6, 322.0)","(19, -1, 128.4, 321.5)"
293,"(40, 2012, 113.4, 356.8)","(40, -1, 126.0, 383.9)"
294,"(102, 2012, 112.1, 282.3)","(102, -1, 119.6, 255.5)"
295,"(8, 2016, 102.8, 349.5)","(8, -1, 76.7, 340.7)"
296,"(102, 2015, 84.3, 281.7)","(102, -1, 89.0, 286.7)"
297,"(4, 2013, 108.5, 217.8)","(4, -1, 117.3, 179.4)"
298,"(58, 2014, 143.1, 310.1)","(58, -1, 88.4, 338.1)"
299,"(40, 2016, 111.5, 290.9)","(40, -1, 115.9, 263.8)"
300,"(0, 2012, 120.4, 250.6)","(0, -1, 117.7, 262.2)"
301,"(0, 2017, 113.7, 378.4)","(0, -1, 117.5, 382.6)"
302,"(19, 2012, 102.1, 276.6)","(19, -1, 105.0, 284.0)"
303,"(4, 2014, 141.9, 207.8)","(4, -1, 132.8, 225.8)"
304,"(58, 2013, 154.5, 276.4)","(58, -1, 163.6, 320.5)"
305,"(58, 2015, 53.7, 284.9)","(58, -1, 63.1, 263.8)"
306,"(102, 2017, 111.2, 372.3)","(102, -1, 101.3, 332.6)"
307,"(104, 2012, 105.4, 359.8)","(104, -1, 94.5, 380.3)"
308,"(104, 2014, 122.0, 240.0)","(104, -1, 104.2, 241.4)"
309,"(102, 2017, 106.6, 367.8)","(102, -1, 114.6, 331.3)"
310,"(0, 2017, 90.0, 249.6)","(0, -1, 71.2, 232.5)"
311,"(104, 2012, 104.7, 268.4)","(104, -1, 104.7, 237.4)"
312,"(58, 2014, 53.9, 215.4)","(58, -1, 45.5, 207.1)"
313,"(104, 2013, 100.2, 211.1)","(104, -1, 100.8, 204.0)"
314,"(104, 2014, 77.4, 336.2)","(104, -1, 82.3, 341.7)"
315,"(19, 2012, 66.3, 384.7)","(19, -1, 60.9, 386.0)"
316,"(58, 2016, 118.6, 298.6)","(58, -1, 102.5, 321.8)"
317,"(4, 2017, 56.1, 368.8)","(4, -1, 52.9, 362.7)"
318,"(102, 2013, 71.6, 358.8)","(102, -1, 69.5, 359.2)"
319,"(25, 2014, 122.6, 332.9)","(25, -1, 135.5, 314.8)"
320,"(8, 2016, 67.9, 395.6)","(8, -1, 70.3, 365.2)"
321,"(0, 2015, 107.8, 360.4)","(0, -1, 100.8, 400.8)"
322,"(104, 2015, 77.7, 255.0)","(104, -1, 81.6, 282.4)"
323,"(8, 2014, 102.0, 357.8)","(8, -1, 84.7, 339.9)"
324,"(102, 2013, 85.7, 338.5)","(102, -1, 89.1, 338.0)"
325,"(104, 2012, 98.4, 279.9)","(104, -1, 99.5, 285.2)"
326,"(25, 2015, 93.0, 215.4)","(25, -1, 87.3, 199.6)"
327,"(25, 2016, 77.5, 242.9)","(25, -1, 70.7, 219.0)"
328,"(4, 2016, 152.5, 359.4)","(4, -1, 155.0, 356.5)"
329,"(102, 2016, 84.5, 249.7)","(102, -1, 87.2, 233.3)"
330,"(58, 2015, 103.9, 399.6)","(58, -1, 121.3, 442.1)"
331,"(25, 2014, 85.0, 338.8)","(25, -1, 81.9, 375.9)"
332,"(4, 2017, 117.6, 295.4)","(4, -1, 97.6, 296.0)"
333,"(40, 2015, 137.1, 314.1)","(40, -1, 114.7, 363.6)"
334,"(102, 2013, 100.4, 322.2)","(102, -1, 101.2, 315.5)"
335,"(4, 2013, 93.6, 393.8)","(4, -1, 82.2, 402.7)"
336,"(19, 2014, 104.1, 232.3)","(19, -1, 112.1, 218.0)"
337,"(40, 2016, 112.7, 254.5)","(40, -1, 97.4, 241.9)"
338,"(102, 2015, 98.7, 341.9)","(102, -1, 109.2, 347.4)"
339,"(19, 2014, 146.0, 248.0)","(19, -1, 141.5, 253.3)"
340,"(58, 2017, 74.7, 374.3)","(58, -1, 70.6, 314.2)"
341,"(58, 2012, 105.5, 269.3)","(58, -1, 109.9, 251.7)"
342,"(102, 2013, 108.4, 236.2)","(102, -1, 125.9, 222.5)"
343,"(4, 2012, 112.1, 209.5)","(4, -1, 119.8, 195.8)"
344,"(58, 2012, 88.9, 319.1)","(58, -1, 79.9, 275.3)"
345,"(0, 2017, 91.9, 365.1)","(0, -1, 92.2, 323.2)"
346,"(19, 2015, 104.9, 254.8)","(19, -1, 75.2, 268.4)"
347,"(104, 2017, 69.1, 383.5)","(104, -1, 70.0, 364.7)"
348,"(25, 2014, 72.1, 351.5)","(25, -1, 78.1, 369.7)"
349,"(4, 2012, 93.1, 212.3)","(4, -1, 76.7, 227.5)"
350,"(25, 2012, 108.6, 314.5)","(25, -1, 96.4, 312.0)"
351,"(40, 2016, 96.2, 313.5)","(40, -1, 89.0, 312.6)"
352,"(0, 2016, 98.2, 240.5)","(0, -1, 89.9, 264.7)"
353,"(19, 2012, 80.1, 266.9)","(19, -1, 85.7, 282.4)"
354,"(4, 2015, 75.3, 291.7)","(4, -1, 85.3, 269.3)"
355,"(25, 2012, 103.4, 209.6)","(25, -1, 100.8, 234.8)"
356,"(25, 2013, 124.0, 230.0)","(25, -1, 129.6, 223.6)"
357,"(25, 2014, 126.9, 232.8)","(25, -1, 120.5, 249.1)"
358,"(0, 2015, 75.8, 275.8)","(0, -1, 76.0, 292.6)"
359,"(0, 2017, 126.4, 349.5)","(0, -1, 133.4, 351.4)"
360,"(104, 2016, 125.5, 366.3)","(104, -1, 116.9, 353.4)"
361,"(25, 2017, 123.0, 232.6)","(25, -1, 116.9, 237.2)"
362,"(58, 2014, 70.4, 350.4)","(58, -1, 68.7, 357.1)"
363,"(19, 2013, 62.5, 334.1)","(19, -1, 66.2, 338.5)"
364,"(19, 2015, 132.0, 378.1)","(19, -1, 94.6, 375.5)"
365,"(8, 2015, 61.4, 393.8)","(8, -1, 60.6, 432.3)"
366,"(4, 2015, 76.3, 224.9)","(4, -1, 87.8, 234.8)"
367,"(8, 2016, 144.4, 216.1)","(8, -1, 139.1, 209.7)"
368,"(4, 2017, 116.9, 359.9)","(4, -1, 119.0, 357.0)"
369,"(19, 2014, 122.3, 232.4)","(19, -1, 129.4, 223.9)"
370,"(25, 2013, 155.1, 238.9)","(25, -1, 183.5, 235.9)"
371,"(4, 2017, 92.4, 376.4)","(4, -1, 98.2, 407.8)"
372,"(4, 2012, 134.4, 387.8)","(4, -1, 147.5, 385.4)"
373,"(0, 2012, 100.2, 263.7)","(0, -1, 108.4, 247.0)"
374,"(102, 2012, 157.2, 368.4)","(102, -1, 169.5, 343.6)"
375,"(104, 2014, 40.9, 371.8)","(104, -1, 39.5, 403.5)"
376,"(25, 2015, 115.2, 321.1)","(25, -1, 110.6, 314.1)"
377,"(19, 2013, 63.9, 313.2)","(19, -1, 59.6, 269.1)"
378,"(40, 2017, 116.9, 315.2)","(40, -1, 145.2, 304.1)"
379,"(58, 2016, 56.8, 260.3)","(58, -1, 52.1, 248.1)"
380,"(19, 2017, 91.8, 323.8)","(19, -1, 96.8, 327.7)"
381,"(8, 2015, 92.0, 248.7)","(8, -1, 89.5, 254.8)"
382,"(104, 2016, 59.4, 235.5)","(104, -1, 53.9, 263.7)"
383,"(4, 2015, 53.9, 282.6)","(4, -1, 53.3, 298.5)"
384,"(25, 2012, 84.2, 341.2)","(25, -1, 90.2, 369.6)"
385,"(0, 2015, 90.1, 324.3)","(0, -1, 72.1, 348.3)"
386,"(104, 2012, 92.8, 393.0)","(104, -1, 105.1, 400.9)"
387,"(19, 2012, 56.7, 329.3)","(19, -1, 58.8, 356.4)"
388,"(40, 2013, 95.1, 228.3)","(40, -1, 97.2, 192.3)"
389,"(40, 2013, 144.1, 232.2)","(40, -1, 140.8, 252.7)"
390,"(4, 2017, 87.0, 218.6)","(4, -1, 83.2, 224.3)"
391,"(102, 2016, 74.2, 238.2)","(102, -1, 74.7, 243.8)"
392,"(104, 2016, 127.9, 319.6)","(104, -1, 160.4, 268.3)"
393,"(58, 2014, 106.1, 367.7)","(58, -1, 105.1, 344.7)"
394,"(25, 2014, 67.6, 378.8)","(25, -1, 71.9, 359.9)"
395,"(102, 2016, 79.1, 280.0)","(102, -1, 80.7, 319.7)"
396,"(19, 2013, 128.8, 311.7)","(19, -1, 139.3, 334.3)"
397,"(40, 2012, 51.5, 361.8)","(40, -1, 49.0, 362.1)"
398,"(19, 2014, 109.9, 262.4)","(19, -1, 131.6, 260.0)"
399,"(58, 2013, 87.4, 319.1)","(58, -1, 82.5, 322.5)"
400,"(25, 2012, 115.0, 234.8)","(25, -1, 122.1, 235.4)"
401,"(102, 2017, 117.0, 295.3)","(102, -1, 126.9, 321.8)"
402,"(19, 2014, 110.0, 234.6)","(19, -1, 116.0, 229.0)"
403,"(0, 2013, 100.8, 292.5)","(0, -1, 112.8, 277.9)"
404,"(40, 2016, 138.9, 279.4)","(40, -1, 135.0, 293.5)"
405,"(19, 2013, 60.4, 286.7)","(19, -1, 64.4, 293.6)"
406,"(102, 2017, 96.6, 248.7)","(102, -1, 95.6, 253.3)"
407,"(40, 2014, 83.4, 227.2)","(40, -1, 103.5, 212.3)"
408,"(40, 2012, 76.6, 255.1)","(40, -1, 78.1, 232.7)"
409,"(104, 2014, 119.9, 247.9)","(104, -1, 101.3, 265.2)"
410,"(0, 2015, 103.8, 346.9)","(0, -1, 104.7, 336.5)"
411,"(104, 2017, 108.9, 343.4)","(104, -1, 101.0, 350.1)"
412,"(19, 2016, 124.1, 316.9)","(19, -1, 137.7, 275.8)"
413,"(58, 2015, 81.0, 218.3)","(58, -1, 69.2, 218.6)"
414,"(19, 2014, 120.9, 313.3)","(19, -1, 107.7, 320.4)"
415,"(8, 2014, 79.9, 215.8)","(8, -1, 65.5, 193.9)"
416,"(102, 2013, 105.3, 203.6)","(102, -1, 102.9, 213.6)"
417,"(0, 2013, 141.1, 270.5)","(0, -1, 111.4, 239.3)"
418,"(19, 2015, 93.7, 248.1)","(19, -1, 84.3, 272.0)"
419,"(0, 2017, 77.2, 318.9)","(0, -1, 74.5, 339.9)"
420,"(19, 2013, 127.0, 385.7)","(19, -1, 142.3, 381.4)"
421,"(58, 2013, 50.8, 344.0)","(58, -1, 50.2, 342.3)"
422,"(4, 2015, 123.5, 353.5)","(4, -1, 126.7, 351.6)"
423,"(8, 2013, 111.6, 390.2)","(8, -1, 104.1, 434.0)"
424,"(25, 2015, 38.1, 326.8)","(25, -1, 42.0, 359.4)"
425,"(4, 2012, 98.4, 315.5)","(4, -1, 96.2, 352.7)"
426,"(19, 2015, 108.3, 320.4)","(19, -1, 123.6, 368.2)"
427,"(8, 2013, 90.3, 373.2)","(8, -1, 81.3, 384.3)"
428,"(25, 2017, 82.8, 277.6)","(25, -1, 90.6, 303.5)"
429,"(102, 2016, 140.3, 359.1)","(102, -1, 108.3, 409.9)"
430,"(25, 2016, 152.1, 330.5)","(25, -1, 153.4, 340.0)"
431,"(25, 2015, 105.8, 260.9)","(25, -1, 94.0, 287.5)"
432,"(4, 2017, 121.8, 202.7)","(4, -1, 113.2, 206.3)"
433,"(8, 2016, 58.3, 242.0)","(8, -1, 59.2, 253.6)"
434,"(102, 2017, 148.7, 340.0)","(102, -1, 146.1, 316.5)"
435,"(8, 2016, 96.6, 315.9)","(8, -1, 92.6, 303.1)"
436,"(19, 2013, 98.8, 254.9)","(19, -1, 97.7, 283.3)"
437,"(102, 2012, 133.4, 286.9)","(102, -1, 149.6, 301.0)"
438,"(58, 2012, 139.6, 332.2)","(58, -1, 172.3, 318.4)"
439,"(58, 2013, 112.4, 225.4)","(58, -1, 112.6, 239.5)"
440,"(8, 2017, 126.1, 286.5)","(8, -1, 111.7, 290.2)"
441,"(19, 2012, 73.9, 283.3)","(19, -1, 65.9, 301.9)"
442,"(58, 2015, 68.1, 308.5)","(58, -1, 69.0, 328.1)"
443,"(0, 2012, 59.1, 304.4)","(0, -1, 52.7, 318.4)"
444,"(104, 2016, 82.8, 273.5)","(104, -1, 81.9, 269.8)"
445,"(0, 2013, 70.2, 352.5)","(0, -1, 64.5, 362.2)"
446,"(102, 2014, 97.7, 213.4)","(102, -1, 108.0, 226.8)"
447,"(58, 2016, 105.0, 207.1)","(58, -1, 98.2, 203.6)"
448,"(40, 2016, 112.3, 284.1)","(40, -1, 121.4, 276.7)"
449,"(58, 2015, 62.4, 379.3)","(58, -1, 60.9, 411.9)"
450,"(40, 2014, 95.4, 255.5)","(40, -1, 86.2, 289.9)"
451,"(8, 2015, 57.8, 234.5)","(8, -1, 59.2, 229.8)"
452,"(102, 2013, 87.7, 385.6)","(102, -1, 72.3, 380.7)"
453,"(4, 2014, 115.2, 233.6)","(4, -1, 115.4, 223.7)"
454,"(8, 2017, 148.0, 275.0)","(8, -1, 159.3, 276.9)"
455,"(8, 2013, 68.2, 345.8)","(8, -1, 76.8, 308.1)"
456,"(40, 2012, 110.8, 252.2)","(40, -1, 109.4, 243.3)"
457,"(58, 2016, 101.0, 246.0)","(58, -1, 94.2, 252.4)"
458,"(25, 2012, 128.5, 279.5)","(25, -1, 125.7, 279.1)"
459,"(8, 2013, 121.5, 357.5)","(8, -1, 132.8, 365.9)"
460,"(8, 2015, 97.9, 382.2)","(8, -1, 92.9, 363.4)"
461,"(4, 2017, 111.2, 206.3)","(4, -1, 114.8, 225.1)"
462,"(0, 2016, 90.0, 233.0)","(0, -1, 90.1, 242.4)"
463,"(0, 2016, 96.8, 391.7)","(0, -1, 107.6, 391.3)"
464,"(8, 2014, 85.8, 318.6)","(8, -1, 86.3, 300.3)"
465,"(104, 2017, 83.0, 310.3)","(104, -1, 88.4, 290.5)"
466,"(19, 2012, 114.3, 362.7)","(19, -1, 120.5, 349.4)"
467,"(0, 2017, 82.3, 208.0)","(0, -1, 95.6, 211.2)"
468,"(104, 2013, 150.6, 202.8)","(104, -1, 144.3, 194.9)"
469,"(104, 2013, 110.8, 393.5)","(104, -1, 109.4, 408.1)"
470,"(4, 2013, 86.4, 365.7)","(4, -1, 69.6, 361.2)"
471,"(0, 2013, 116.1, 349.5)","(0, -1, 98.7, 356.7)"
472,"(40, 2015, 130.0, 231.1)","(40, -1, 124.0, 242.8)"
473,"(104, 2017, 74.9, 295.3)","(104, -1, 78.5, 321.3)"
474,"(8, 2013, 90.9, 387.5)","(8, -1, 93.9, 393.2)"
475,"(19, 2015, 97.9, 386.7)","(19, -1, 105.3, 379.3)"
476,"(40, 2017, 121.5, 201.8)","(40, -1, 102.1, 211.8)"
477,"(19, 2015, 96.6, 350.5)","(19, -1, 91.5, 324.6)"
478,"(104, 2014, 56.9, 201.2)","(104, -1, 58.8, 213.6)"
479,"(58, 2014, 76.6, 396.9)","(58, -1, 67.0, 331.7)"
480,"(25, 2012, 80.2, 283.4)","(25, -1, 92.4, 260.6)"
481,"(58, 2013, 93.3, 394.7)","(58, -1, 88.1, 364.2)"
482,"(19, 2015, 117.1, 273.5)","(19, -1, 113.9, 296.3)"
483,"(58, 2014, 123.7, 258.6)","(58, -1, 130.5, 222.0)"
484,"(8, 2013, 108.5, 263.3)","(8, -1, 98.1, 266.6)"
485,"(58, 2014, 85.3, 346.1)","(58, -1, 101.1, 349.4)"
486,"(40, 2014, 86.7, 239.9)","(40, -1, 87.7, 243.1)"
487,"(40, 2012, 87.8, 372.8)","(40, -1, 83.7, 358.3)"
488,"(25, 2015, 124.4, 318.1)","(25, -1, 113.3, 358.2)"
489,"(58, 2015, 86.1, 394.0)","(58, -1, 85.6, 439.4)"
490,"(40, 2017, 84.9, 397.4)","(40, -1, 88.9, 376.4)"
491,"(4, 2017, 101.3, 237.0)","(4, -1, 124.3, 246.5)"
492,"(19, 2014, 148.6, 391.2)","(19, -1, 159.5, 370.7)"
493,"(19, 2013, 90.5, 209.3)","(19, -1, 90.5, 203.5)"
494,"(104, 2017, 159.4, 205.6)","(104, -1, 165.2, 211.0)"
495,"(40, 2015, 131.5, 388.8)","(40, -1, 140.0, 363.6)"
496,"(40, 2017, 113.6, 392.5)","(40, -1, 96.0, 410.1)"
497,"(58, 2012, 89.3, 229.4)","(58, -1, 93.6, 238.7)"
498,"(0, 2015, 143.3, 288.5)","(0, -1, 128.7, 273.4)"
499,"(102, 2012, 112.5, 298.8)","(102, -1, 105.7, 253.5)"
500,"(40, 2013, 98.8, 372.1)","(40, -1, 110.8, 385.8)"
501,"(4, 2017, 108.0, 325.6)","(4, -1, 134.3, 334.9)"
502,"(40, 2014, 102.1, 354.9)","(40, -1, 114.9, 378.7)"
503,"(58, 2013, 88.9, 297.0)","(58, -1, 84.8, 281.3)"
504,"(58, 2017, 72.8, 329.7)","(58, -1, 79.4, 323.6)"
505,"(104, 2017, 79.6, 347.1)","(104, -1, 88.5, 310.9)"
506,"(102, 2013, 76.4, 347.6)","(102, -1, 71.8, 372.7)"
507,"(40, 2012, 71.1, 200.3)","(40, -1, 71.1, 217.4)"
508,"(19, 2013, 112.4, 220.0)","(19, -1, 112.0, 254.3)"
509,"(8, 2014, 141.1, 272.7)","(8, -1, 101.8, 273.3)"
510,"(19, 2015, 113.6, 212.2)","(19, -1, 112.3, 211.1)"
511,"(8, 2012, 111.9, 276.6)","(8, -1, 111.8, 273.6)"
512,"(40, 2017, 92.9, 277.9)","(40, -1, 81.2, 286.8)"
513,"(25, 2012, 128.6, 384.0)","(25, -1, 138.8, 374.0)"
514,"(4, 2013, 118.6, 313.4)","(4, -1, 118.7, 315.3)"
515,"(40, 2013, 96.6, 341.3)","(40, -1, 90.7, 365.7)"
516,"(104, 2017, 84.8, 377.4)","(104, -1, 85.1, 294.6)"
517,"(19, 2013, 105.9, 288.4)","(19, -1, 103.6, 261.6)"
518,"(40, 2016, 47.4, 200.4)","(40, -1, 45.8, 197.8)"
519,"(104, 2014, 115.4, 257.1)","(104, -1, 115.7, 254.7)"
520,"(25, 2013, 137.2, 362.8)","(25, -1, 122.8, 358.5)"
521,"(4, 2016, 118.7, 380.4)","(4, -1, 117.1, 366.4)"
522,"(102, 2012, 101.2, 270.3)","(102, -1, 104.7, 239.6)"
523,"(104, 2014, 91.6, 258.8)","(104, -1, 81.7, 249.2)"
524,"(4, 2016, 119.8, 384.9)","(4, -1, 116.1, 381.7)"
525,"(8, 2012, 88.4, 270.2)","(8, -1, 89.2, 304.4)"
526,"(4, 2015, 115.9, 330.4)","(4, -1, 120.7, 322.4)"
527,"(4, 2015, 154.4, 256.1)","(4, -1, 145.7, 266.1)"
528,"(102, 2014, 102.6, 219.6)","(102, -1, 91.2, 213.5)"
529,"(40, 2016, 74.9, 300.2)","(40, -1, 73.7, 320.6)"
530,"(0, 2016, 111.0, 384.6)","(0, -1, 110.1, 394.9)"
531,"(25, 2012, 103.2, 323.7)","(25, -1, 120.5, 310.3)"
532,"(4, 2015, 111.1, 241.8)","(4, -1, 109.7, 211.7)"
533,"(4, 2015, 102.0, 336.5)","(4, -1, 103.3, 333.3)"
534,"(58, 2013, 102.7, 353.7)","(58, -1, 100.5, 350.1)"
535,"(58, 2017, 108.2, 264.2)","(58, -1, 114.0, 250.7)"
536,"(0, 2017, 19.4, 311.8)","(0, -1, 18.5, 308.9)"
537,"(8, 2017, 114.0, 336.4)","(8, -1, 114.1, 405.2)"
538,"(19, 2016, 81.3, 232.1)","(19, -1, 74.2, 225.0)"
539,"(102, 2017, 130.0, 392.8)","(102, -1, 139.0, 361.4)"
540,"(8, 2014, 131.0, 290.3)","(8, -1, 134.2, 288.5)"
541,"(25, 2015, 141.2, 395.9)","(25, -1, 150.0, 420.6)"
542,"(0, 2014, 116.0, 237.9)","(0, -1, 104.6, 183.2)"
543,"(58, 2017, 42.2, 296.8)","(58, -1, 38.4, 326.5)"
544,"(8, 2014, 112.9, 233.2)","(8, -1, 118.0, 222.7)"
545,"(25, 2013, 104.3, 202.0)","(25, -1, 99.1, 199.6)"
546,"(102, 2015, 147.4, 247.6)","(102, -1, 122.5, 247.6)"
547,"(19, 2014, 131.4, 280.6)","(19, -1, 125.3, 247.6)"
548,"(0, 2015, 135.3, 286.2)","(0, -1, 153.0, 272.0)"
549,"(40, 2013, 103.3, 377.3)","(40, -1, 107.2, 449.7)"
550,"(25, 2017, 97.4, 327.1)","(25, -1, 100.8, 355.7)"
551,"(0, 2012, 85.2, 286.9)","(0, -1, 78.6, 275.7)"
552,"(8, 2012, 78.2, 397.6)","(8, -1, 87.5, 406.8)"
553,"(19, 2012, 77.3, 322.8)","(19, -1, 68.7, 326.1)"
554,"(4, 2014, 113.2, 264.5)","(4, -1, 131.2, 261.6)"
555,"(102, 2014, 131.1, 338.3)","(102, -1, 136.7, 330.5)"
556,"(4, 2014, 94.2, 299.1)","(4, -1, 77.4, 299.6)"
557,"(19, 2015, 99.3, 376.2)","(19, -1, 96.8, 377.2)"
558,"(25, 2016, 115.8, 379.3)","(25, -1, 116.8, 349.9)"
559,"(4, 2015, 101.1, 273.5)","(4, -1, 98.8, 307.8)"
560,"(102, 2012, 104.2, 312.5)","(102, -1, 102.8, 250.8)"
561,"(25, 2016, 120.6, 253.2)","(25, -1, 106.8, 240.8)"
562,"(0, 2013, 73.5, 325.3)","(0, -1, 78.9, 313.5)"
563,"(8, 2016, 69.4, 398.5)","(8, -1, 71.6, 397.2)"
564,"(102, 2013, 99.5, 366.5)","(102, -1, 86.4, 345.2)"
565,"(25, 2014, 123.9, 273.3)","(25, -1, 130.2, 316.5)"
566,"(0, 2012, 90.5, 219.1)","(0, -1, 109.1, 211.1)"
567,"(8, 2014, 86.1, 393.3)","(8, -1, 83.4, 380.1)"
568,"(58, 2015, 84.3, 277.9)","(58, -1, 89.6, 262.5)"
569,"(8, 2017, 90.7, 258.7)","(8, -1, 83.3, 282.8)"
570,"(25, 2014, 121.1, 263.3)","(25, -1, 122.7, 255.4)"
571,"(40, 2014, 98.1, 298.0)","(40, -1, 113.7, 296.7)"
572,"(25, 2016, 86.5, 391.4)","(25, -1, 83.2, 373.8)"
573,"(25, 2013, 105.3, 397.3)","(25, -1, 110.6, 380.3)"
574,"(104, 2012, 131.1, 259.2)","(104, -1, 143.7, 253.9)"
575,"(4, 2014, 84.6, 270.3)","(4, -1, 85.4, 294.0)"
576,"(40, 2014, 97.7, 302.4)","(40, -1, 106.7, 311.3)"
577,"(102, 2013, 109.7, 201.6)","(102, -1, 116.4, 214.8)"
578,"(0, 2015, 118.4, 235.0)","(0, -1, 122.9, 246.9)"
579,"(4, 2015, 133.2, 387.2)","(4, -1, 114.0, 368.0)"
580,"(19, 2016, 94.2, 205.9)","(19, -1, 105.1, 192.1)"
581,"(8, 2013, 86.2, 220.2)","(8, -1, 75.1, 233.7)"
582,"(104, 2014, 112.0, 284.1)","(104, -1, 137.8, 305.9)"
583,"(8, 2015, 121.0, 346.3)","(8, -1, 126.0, 338.2)"
584,"(25, 2015, 112.1, 253.8)","(25, -1, 128.1, 256.0)"
585,"(104, 2012, 44.4, 261.2)","(104, -1, 47.6, 246.5)"
586,"(8, 2012, 144.6, 261.1)","(8, -1, 142.9, 277.4)"
587,"(104, 2017, 108.9, 374.5)","(104, -1, 115.2, 371.2)"
588,"(102, 2016, 72.3, 245.2)","(102, -1, 69.5, 254.8)"
589,"(104, 2015, 101.3, 312.5)","(104, -1, 115.5, 326.8)"
590,"(8, 2015, 88.0, 400.0)","(8, -1, 75.9, 375.3)"
591,"(19, 2013, 135.0, 345.7)","(19, -1, 141.8, 324.5)"
592,"(19, 2012, 78.8, 267.3)","(19, -1, 65.1, 281.0)"
593,"(58, 2012, 69.8, 353.1)","(58, -1, 59.2, 352.0)"
594,"(0, 2015, 123.0, 390.8)","(0, -1, 117.9, 422.8)"
595,"(19, 2016, 104.2, 274.7)","(19, -1, 120.3, 283.2)"
596,"(58, 2015, 86.1, 341.6)","(58, -1, 92.7, 347.5)"
597,"(19, 2014, 79.6, 215.2)","(19, -1, 84.9, 215.8)"
598,"(58, 2012, 68.4, 379.1)","(58, -1, 61.0, 375.6)"
599,"(19, 2012, 156.5, 219.3)","(19, -1, 124.2, 204.6)"
600,"(8, 2013, 132.4, 274.6)","(8, -1, 130.3, 269.7)"
601,"(8, 2016, 94.7, 308.5)","(8, -1, 94.8, 286.4)"
602,"(8, 2013, 99.1, 252.7)","(8, -1, 103.3, 263.1)"
603,"(58, 2012, 120.2, 329.9)","(58, -1, 115.7, 366.3)"
604,"(25, 2017, 124.9, 310.9)","(25, -1, 123.2, 363.2)"
605,"(58, 2016, 115.5, 343.4)","(58, -1, 116.5, 365.9)"
606,"(0, 2015, 53.2, 270.8)","(0, -1, 52.5, 278.6)"
607,"(25, 2015, 104.2, 309.2)","(25, -1, 104.6, 317.3)"
608,"(8, 2017, 127.8, 362.4)","(8, -1, 112.0, 427.8)"
609,"(4, 2016, 145.2, 362.1)","(4, -1, 147.0, 345.9)"
610,"(58, 2014, 101.8, 342.8)","(58, -1, 105.2, 358.8)"
611,"(4, 2015, 122.0, 308.4)","(4, -1, 134.6, 308.6)"
612,"(102, 2013, 97.7, 334.7)","(102, -1, 99.5, 325.2)"
613,"(40, 2015, 144.7, 217.4)","(40, -1, 136.6, 199.5)"
614,"(58, 2015, 98.7, 294.3)","(58, -1, 101.7, 295.3)"
615,"(4, 2014, 108.2, 372.0)","(4, -1, 113.8, 404.3)"
616,"(58, 2015, 124.6, 321.5)","(58, -1, 128.7, 322.3)"
617,"(58, 2013, 86.7, 388.3)","(58, -1, 80.0, 427.9)"
618,"(58, 2013, 147.8, 252.4)","(58, -1, 171.2, 266.4)"
619,"(58, 2017, 112.5, 219.3)","(58, -1, 127.5, 225.1)"
620,"(8, 2013, 114.6, 325.3)","(8, -1, 107.2, 338.8)"
621,"(40, 2017, 126.0, 218.2)","(40, -1, 138.3, 206.8)"
622,"(8, 2012, 74.7, 356.4)","(8, -1, 66.1, 306.1)"
623,"(8, 2015, 94.8, 251.3)","(8, -1, 89.5, 265.3)"
624,"(19, 2015, 122.4, 307.8)","(19, -1, 94.3, 286.9)"
625,"(8, 2016, 104.5, 362.3)","(8, -1, 93.1, 344.6)"
626,"(19, 2014, 120.7, 357.6)","(19, -1, 118.8, 320.3)"
627,"(104, 2012, 95.9, 299.2)","(104, -1, 93.5, 273.0)"
628,"(40, 2017, 159.6, 395.2)","(40, -1, 161.9, 438.0)"
629,"(25, 2015, 101.7, 299.5)","(25, -1, 91.4, 294.5)"
630,"(40, 2013, 105.9, 255.8)","(40, -1, 99.9, 273.9)"
631,"(4, 2012, 130.6, 260.5)","(4, -1, 117.4, 253.3)"
632,"(40, 2012, 120.6, 348.7)","(40, -1, 124.1, 350.9)"
633,"(104, 2017, 75.2, 287.4)","(104, -1, 84.8, 306.7)"
634,"(8, 2013, 14.0, 283.8)","(8, -1, 15.0, 338.4)"
635,"(40, 2016, 120.7, 204.1)","(40, -1, 121.1, 175.5)"
636,"(58, 2017, 120.4, 261.1)","(58, -1, 132.3, 255.3)"
637,"(25, 2015, 76.5, 372.1)","(25, -1, 75.3, 366.8)"
638,"(0, 2014, 103.0, 360.7)","(0, -1, 84.1, 396.0)"
639,"(104, 2016, 130.1, 349.3)","(104, -1, 149.7, 335.7)"
640,"(40, 2014, 58.0, 204.6)","(40, -1, 62.2, 218.4)"
641,"(40, 2017, 85.2, 205.4)","(40, -1, 82.9, 212.8)"
642,"(40, 2014, 126.3, 262.3)","(40, -1, 106.4, 241.7)"
643,"(4, 2015, 100.1, 294.9)","(4, -1, 104.3, 291.9)"
644,"(0, 2012, 100.1, 381.9)","(0, -1, 83.5, 365.6)"
645,"(0, 2013, 55.3, 276.9)","(0, -1, 56.0, 277.5)"
646,"(0, 2014, 82.0, 257.7)","(0, -1, 77.8, 231.4)"
647,"(0, 2016, 70.7, 314.2)","(0, -1, 68.1, 306.8)"
648,"(0, 2015, 140.5, 382.9)","(0, -1, 155.0, 315.4)"
649,"(102, 2015, 112.4, 347.7)","(102, -1, 120.2, 334.2)"
650,"(58, 2017, 93.6, 371.3)","(58, -1, 85.4, 377.1)"
651,"(19, 2016, 80.7, 236.4)","(19, -1, 66.9, 257.2)"
652,"(40, 2014, 110.2, 225.1)","(40, -1, 96.5, 266.6)"
653,"(25, 2014, 72.9, 308.8)","(25, -1, 65.1, 294.0)"
654,"(19, 2014, 127.0, 339.5)","(19, -1, 139.1, 342.7)"
655,"(25, 2016, 109.8, 391.0)","(25, -1, 111.0, 344.9)"
656,"(40, 2014, 88.0, 274.3)","(40, -1, 106.4, 258.1)"
657,"(4, 2016, 60.3, 269.3)","(4, -1, 68.5, 263.2)"
658,"(19, 2015, 97.3, 303.2)","(19, -1, 88.4, 290.2)"
659,"(58, 2016, 61.3, 337.0)","(58, -1, 56.6, 367.1)"
660,"(102, 2013, 113.4, 313.2)","(102, -1, 141.5, 341.9)"
661,"(25, 2012, 91.2, 344.6)","(25, -1, 82.4, 317.6)"
662,"(0, 2012, 113.4, 276.1)","(0, -1, 122.0, 301.0)"
663,"(0, 2013, 94.4, 372.4)","(0, -1, 93.1, 357.5)"
664,"(102, 2016, 98.9, 236.6)","(102, -1, 112.0, 205.0)"
665,"(19, 2017, 110.7, 263.2)","(19, -1, 109.0, 283.7)"
666,"(19, 2012, 81.4, 354.7)","(19, -1, 78.7, 318.2)"
667,"(0, 2013, 75.6, 267.1)","(0, -1, 70.9, 232.7)"
668,"(0, 2017, 81.6, 333.6)","(0, -1, 87.6, 362.8)"
669,"(25, 2014, 122.4, 257.6)","(25, -1, 139.7, 247.4)"
670,"(25, 2013, 89.5, 237.4)","(25, -1, 106.7, 238.9)"
671,"(40, 2012, 41.4, 260.1)","(40, -1, 38.7, 229.2)"
672,"(104, 2016, 83.1, 377.4)","(104, -1, 85.8, 391.2)"
673,"(104, 2016, 69.2, 292.2)","(104, -1, 70.7, 298.2)"
674,"(0, 2016, 80.4, 245.1)","(0, -1, 96.5, 233.9)"
675,"(4, 2012, 66.6, 264.3)","(4, -1, 61.0, 256.7)"
676,"(40, 2014, 93.2, 200.6)","(40, -1, 99.4, 171.9)"
677,"(58, 2016, 80.7, 351.2)","(58, -1, 79.2, 353.5)"
678,"(4, 2017, 91.5, 245.1)","(4, -1, 68.2, 256.1)"
679,"(25, 2015, 116.3, 319.6)","(25, -1, 109.9, 302.1)"
680,"(0, 2014, 113.4, 205.0)","(0, -1, 124.2, 222.2)"
681,"(25, 2017, 96.1, 366.9)","(25, -1, 91.6, 310.8)"
682,"(102, 2013, 103.2, 237.5)","(102, -1, 82.2, 247.2)"
683,"(102, 2015, 144.1, 201.0)","(102, -1, 134.7, 216.5)"
684,"(102, 2014, 89.6, 260.2)","(102, -1, 74.3, 291.9)"
685,"(58, 2012, 107.6, 384.1)","(58, -1, 124.5, 410.7)"
686,"(8, 2015, 74.3, 252.5)","(8, -1, 65.4, 222.0)"
687,"(58, 2014, 97.6, 300.7)","(58, -1, 89.1, 330.2)"
688,"(0, 2014, 86.5, 281.4)","(0, -1, 90.9, 275.1)"
689,"(8, 2017, 89.9, 258.8)","(8, -1, 87.9, 260.3)"
690,"(102, 2014, 67.3, 385.5)","(102, -1, 72.9, 354.3)"
691,"(102, 2014, 61.8, 357.8)","(102, -1, 69.5, 375.3)"
692,"(8, 2016, 134.1, 352.4)","(8, -1, 129.6, 310.7)"
693,"(58, 2015, 97.0, 305.2)","(58, -1, 97.9, 319.9)"
694,"(4, 2017, 114.4, 365.0)","(4, -1, 125.1, 412.0)"
695,"(19, 2014, 118.2, 291.7)","(19, -1, 108.0, 283.1)"
696,"(102, 2013, 98.9, 293.0)","(102, -1, 94.5, 294.0)"
697,"(0, 2014, 53.7, 298.8)","(0, -1, 53.7, 283.5)"
698,"(40, 2017, 87.7, 247.4)","(40, -1, 98.2, 234.8)"
699,"(25, 2016, 87.6, 384.7)","(25, -1, 88.4, 405.2)"
700,"(40, 2015, 140.5, 251.8)","(40, -1, 106.6, 253.9)"
701,"(40, 2015, 89.1, 239.6)","(40, -1, 106.9, 237.5)"
702,"(19, 2014, 125.2, 248.8)","(19, -1, 132.1, 273.8)"
703,"(104, 2014, 101.7, 363.5)","(104, -1, 97.8, 374.7)"
704,"(0, 2013, 149.3, 353.7)","(0, -1, 154.9, 372.7)"
705,"(4, 2015, 130.9, 285.4)","(4, -1, 135.0, 255.9)"
706,"(40, 2015, 64.1, 202.8)","(40, -1, 62.4, 204.0)"
707,"(25, 2015, 103.8, 395.1)","(25, -1, 101.9, 422.9)"
708,"(4, 2012, 103.0, 226.5)","(4, -1, 108.5, 221.0)"
709,"(40, 2015, 84.9, 370.3)","(40, -1, 87.1, 382.1)"
710,"(0, 2015, 118.0, 356.3)","(0, -1, 118.7, 336.9)"
711,"(58, 2013, 117.8, 387.6)","(58, -1, 127.8, 406.1)"
712,"(104, 2017, 98.0, 354.7)","(104, -1, 90.0, 358.8)"
713,"(104, 2013, 89.8, 266.3)","(104, -1, 92.5, 246.4)"
714,"(58, 2017, 85.7, 246.4)","(58, -1, 88.2, 226.7)"
715,"(19, 2016, 84.6, 275.5)","(19, -1, 69.8, 261.0)"
716,"(25, 2013, 68.6, 240.6)","(25, -1, 68.3, 245.1)"
717,"(25, 2015, 77.3, 343.9)","(25, -1, 85.3, 343.1)"
718,"(19, 2015, 97.4, 365.3)","(19, -1, 91.5, 327.1)"
719,"(58, 2015, 108.2, 329.3)","(58, -1, 109.6, 349.9)"
720,"(40, 2013, 95.5, 237.2)","(40, -1, 95.4, 220.0)"
721,"(104, 2014, 99.7, 207.5)","(104, -1, 105.1, 221.5)"
722,"(4, 2017, 84.1, 316.1)","(4, -1, 80.3, 331.3)"
723,"(19, 2012, 130.9, 292.5)","(19, -1, 118.3, 319.4)"
724,"(104, 2016, 93.3, 239.9)","(104, -1, 82.7, 216.2)"
725,"(4, 2014, 113.4, 273.6)","(4, -1, 113.9, 321.4)"
726,"(40, 2012, 78.7, 308.3)","(40, -1, 85.4, 322.1)"
727,"(104, 2013, 95.2, 326.6)","(104, -1, 82.0, 292.2)"
728,"(0, 2017, 95.7, 295.3)","(0, -1, 86.8, 308.1)"
729,"(19, 2016, 101.4, 394.3)","(19, -1, 107.6, 404.8)"
730,"(102, 2016, 149.8, 209.2)","(102, -1, 132.0, 186.9)"
731,"(4, 2013, 95.9, 331.6)","(4, -1, 86.7, 348.7)"
732,"(102, 2017, 91.7, 381.9)","(102, -1, 93.3, 418.2)"
733,"(104, 2014, 107.6, 247.3)","(104, -1, 108.6, 233.3)"
734,"(0, 2012, 120.6, 242.7)","(0, -1, 98.4, 237.0)"
735,"(102, 2015, 123.9, 352.4)","(102, -1, 133.6, 337.2)"
736,"(40, 2017, 151.3, 297.3)","(40, -1, 150.4, 261.2)"
737,"(58, 2015, 136.1, 398.4)","(58, -1, 119.0, 360.3)"
738,"(104, 2017, 105.0, 317.8)","(104, -1, 121.1, 303.9)"
739,"(102, 2012, 79.9, 384.7)","(102, -1, 79.6, 403.3)"
740,"(40, 2015, 124.2, 202.4)","(40, -1, 106.9, 221.4)"
741,"(4, 2014, 92.2, 230.9)","(4, -1, 93.4, 224.7)"
742,"(0, 2017, 118.1, 336.9)","(0, -1, 113.9, 321.5)"
743,"(0, 2013, 56.0, 283.3)","(0, -1, 57.8, 296.2)"
744,"(40, 2017, 125.3, 367.2)","(40, -1, 117.9, 339.0)"
745,"(58, 2015, 95.1, 285.8)","(58, -1, 95.5, 277.1)"
746,"(19, 2013, 93.2, 342.6)","(19, -1, 106.8, 345.5)"
747,"(58, 2017, 96.0, 313.2)","(58, -1, 85.3, 292.9)"
748,"(4, 2015, 86.8, 224.0)","(4, -1, 87.5, 226.6)"
749,"(102, 2015, 137.8, 343.6)","(102, -1, 122.2, 291.8)"
750,"(102, 2016, 90.6, 341.3)","(102, -1, 98.6, 386.1)"
751,"(0, 2015, 101.8, 223.1)","(0, -1, 102.7, 247.3)"
752,"(102, 2016, 97.4, 312.4)","(102, -1, 89.5, 323.1)"
753,"(58, 2012, 100.7, 267.1)","(58, -1, 100.1, 310.5)"
754,"(0, 2015, 105.3, 291.8)","(0, -1, 100.6, 286.9)"
755,"(25, 2017, 98.7, 284.6)","(25, -1, 91.7, 280.0)"
756,"(8, 2015, 77.4, 221.0)","(8, -1, 72.4, 230.6)"
757,"(102, 2015, 112.1, 231.6)","(102, -1, 120.9, 232.2)"
758,"(40, 2016, 112.7, 217.4)","(40, -1, 104.6, 208.0)"
759,"(8, 2015, 98.9, 238.5)","(8, -1, 100.7, 224.9)"
760,"(104, 2014, 89.1, 370.5)","(104, -1, 93.5, 377.2)"
761,"(40, 2012, 100.8, 204.9)","(40, -1, 88.3, 190.1)"
762,"(58, 2013, 64.0, 286.3)","(58, -1, 65.8, 305.6)"
763,"(58, 2017, 118.9, 360.2)","(58, -1, 112.5, 358.6)"
764,"(25, 2013, 94.8, 220.1)","(25, -1, 78.3, 224.2)"
765,"(4, 2016, 78.7, 245.5)","(4, -1, 75.5, 279.5)"
766,"(40, 2017, 91.8, 345.5)","(40, -1, 95.2, 380.4)"
767,"(25, 2012, 101.0, 329.5)","(25, -1, 109.1, 349.6)"
768,"(40, 2012, 113.6, 312.6)","(40, -1, 115.7, 309.9)"
769,"(40, 2013, 171.5, 234.3)","(40, -1, 163.3, 265.3)"
770,"(58, 2016, 91.1, 358.9)","(58, -1, 94.4, 334.8)"
771,"(19, 2014, 134.2, 228.3)","(19, -1, 120.0, 216.9)"
772,"(104, 2012, 140.9, 227.0)","(104, -1, 153.3, 248.5)"
773,"(4, 2017, 109.0, 359.0)","(4, -1, 90.3, 329.8)"
774,"(25, 2013, 93.8, 273.8)","(25, -1, 93.2, 246.6)"
775,"(8, 2014, 120.7, 262.5)","(8, -1, 107.5, 301.6)"
776,"(102, 2014, 140.2, 255.7)","(102, -1, 159.3, 252.6)"
777,"(25, 2014, 121.0, 265.0)","(25, -1, 127.6, 303.2)"
778,"(4, 2017, 137.8, 268.1)","(4, -1, 162.4, 244.6)"
779,"(104, 2015, 72.8, 339.3)","(104, -1, 76.4, 301.3)"
780,"(8, 2014, 146.8, 248.1)","(8, -1, 140.5, 281.6)"
781,"(19, 2014, 93.4, 265.1)","(19, -1, 100.6, 251.1)"
782,"(19, 2017, 79.0, 355.2)","(19, -1, 77.8, 336.9)"
783,"(25, 2013, 115.3, 382.6)","(25, -1, 114.7, 387.2)"
784,"(4, 2016, 123.0, 322.6)","(4, -1, 128.6, 316.2)"
785,"(58, 2015, 110.6, 221.0)","(58, -1, 111.2, 239.4)"
786,"(8, 2013, 119.2, 308.3)","(8, -1, 138.6, 300.1)"
787,"(40, 2017, 80.3, 325.6)","(40, -1, 77.9, 349.1)"
788,"(25, 2013, 111.0, 262.8)","(25, -1, 108.0, 278.7)"
789,"(4, 2014, 103.2, 365.6)","(4, -1, 91.1, 357.3)"
790,"(40, 2015, 82.9, 356.4)","(40, -1, 77.0, 333.9)"
791,"(25, 2016, 88.2, 315.1)","(25, -1, 106.4, 316.1)"
792,"(40, 2016, 72.4, 229.0)","(40, -1, 65.4, 221.8)"
793,"(102, 2013, 78.5, 339.5)","(102, -1, 91.2, 357.3)"
794,"(25, 2015, 120.3, 379.1)","(25, -1, 134.0, 366.0)"
795,"(25, 2013, 122.4, 250.0)","(25, -1, 120.4, 206.9)"
796,"(8, 2017, 72.4, 391.7)","(8, -1, 77.7, 402.5)"
797,"(8, 2013, 116.5, 354.3)","(8, -1, 99.6, 387.0)"
798,"(4, 2016, 153.3, 260.1)","(4, -1, 159.0, 221.5)"
799,"(19, 2016, 111.3, 323.4)","(19, -1, 115.9, 345.7)"
800,"(0, 2013, 54.2, 261.6)","(0, -1, 49.8, 258.1)"
801,"(4, 2016, 100.1, 219.9)","(4, -1, 94.5, 190.3)"
802,"(4, 2017, 75.3, 364.8)","(4, -1, 91.6, 342.8)"
803,"(58, 2016, 71.6, 333.2)","(58, -1, 73.7, 302.6)"
804,"(104, 2014, 97.0, 322.8)","(104, -1, 85.0, 351.4)"
805,"(58, 2014, 128.4, 228.4)","(58, -1, 121.9, 224.9)"
806,"(19, 2012, 114.1, 275.5)","(19, -1, 131.8, 313.4)"
807,"(0, 2017, 95.8, 375.3)","(0, -1, 99.9, 381.6)"
808,"(102, 2012, 107.1, 232.7)","(102, -1, 115.6, 224.0)"
809,"(19, 2013, 62.9, 209.6)","(19, -1, 65.6, 177.9)"
810,"(8, 2013, 141.1, 238.2)","(8, -1, 141.4, 235.1)"
811,"(40, 2013, 126.4, 250.0)","(40, -1, 104.5, 259.8)"
812,"(102, 2013, 125.8, 356.7)","(102, -1, 100.3, 353.7)"
813,"(19, 2016, 105.7, 329.6)","(19, -1, 104.3, 297.6)"
814,"(25, 2012, 131.4, 203.5)","(25, -1, 121.0, 190.4)"
815,"(102, 2013, 96.7, 203.5)","(102, -1, 100.6, 208.8)"
816,"(58, 2014, 109.0, 313.4)","(58, -1, 125.3, 304.7)"
817,"(102, 2016, 81.4, 326.7)","(102, -1, 68.7, 309.3)"
818,"(19, 2012, 66.9, 225.1)","(19, -1, 79.3, 229.7)"
819,"(58, 2017, 101.9, 322.1)","(58, -1, 92.7, 337.5)"
820,"(19, 2016, 99.7, 248.1)","(19, -1, 97.6, 257.5)"
821,"(102, 2015, 101.0, 267.3)","(102, -1, 96.7, 240.2)"
822,"(4, 2013, 123.1, 281.8)","(4, -1, 132.2, 288.2)"
823,"(19, 2014, 107.0, 223.2)","(19, -1, 116.1, 258.4)"
824,"(102, 2017, 74.4, 392.6)","(102, -1, 70.8, 368.6)"
825,"(104, 2012, 100.4, 394.8)","(104, -1, 102.6, 394.7)"
826,"(104, 2016, 87.6, 289.0)","(104, -1, 90.9, 326.6)"
827,"(25, 2012, 127.0, 251.5)","(25, -1, 138.0, 278.3)"
828,"(40, 2015, 90.2, 391.7)","(40, -1, 83.7, 358.2)"
829,"(19, 2014, 124.1, 363.6)","(19, -1, 136.6, 343.2)"
830,"(58, 2017, 40.7, 344.8)","(58, -1, 44.0, 369.2)"
831,"(58, 2016, 153.3, 292.4)","(58, -1, 134.8, 292.8)"
832,"(8, 2017, 89.6, 282.1)","(8, -1, 91.9, 282.7)"
833,"(19, 2015, 114.8, 355.9)","(19, -1, 147.7, 350.7)"
834,"(40, 2014, 100.2, 303.9)","(40, -1, 94.9, 348.1)"
835,"(102, 2013, 50.1, 332.1)","(102, -1, 46.9, 303.6)"
836,"(0, 2012, 60.6, 313.2)","(0, -1, 47.3, 308.9)"
837,"(102, 2015, 87.0, 342.4)","(102, -1, 97.6, 373.5)"
838,"(4, 2017, 72.7, 218.8)","(4, -1, 73.1, 209.7)"
839,"(8, 2017, 43.7, 275.5)","(8, -1, 46.0, 249.2)"
840,"(40, 2012, 100.4, 233.4)","(40, -1, 106.4, 258.8)"
841,"(0, 2012, 79.1, 248.4)","(0, -1, 78.4, 221.7)"
842,"(40, 2015, 89.5, 240.2)","(40, -1, 87.2, 246.7)"
843,"(104, 2015, 73.6, 300.7)","(104, -1, 70.3, 296.0)"
844,"(104, 2016, 87.8, 203.8)","(104, -1, 96.0, 220.9)"
845,"(8, 2014, 139.2, 392.8)","(8, -1, 133.5, 426.2)"
846,"(40, 2017, 115.4, 303.8)","(40, -1, 106.6, 305.1)"
847,"(19, 2013, 121.6, 210.5)","(19, -1, 134.2, 206.2)"
848,"(4, 2014, 101.3, 336.4)","(4, -1, 123.2, 310.5)"
849,"(102, 2017, 117.2, 253.8)","(102, -1, 116.1, 265.2)"
850,"(19, 2017, 84.9, 221.4)","(19, -1, 81.0, 228.0)"
851,"(104, 2013, 125.7, 366.1)","(104, -1, 123.2, 395.5)"
852,"(40, 2013, 72.9, 239.6)","(40, -1, 72.1, 251.7)"
853,"(40, 2016, 57.9, 221.0)","(40, -1, 48.1, 203.3)"
854,"(4, 2014, 77.8, 211.4)","(4, -1, 71.5, 239.6)"
855,"(102, 2015, 95.0, 345.7)","(102, -1, 78.5, 340.3)"
856,"(8, 2012, 76.9, 331.1)","(8, -1, 84.5, 315.6)"
857,"(4, 2017, 101.1, 201.6)","(4, -1, 88.4, 191.6)"
858,"(0, 2016, 56.0, 244.3)","(0, -1, 53.4, 207.5)"
859,"(4, 2016, 89.7, 340.9)","(4, -1, 97.7, 359.4)"
860,"(0, 2016, 110.6, 230.4)","(0, -1, 106.3, 221.4)"
861,"(4, 2015, 87.1, 315.4)","(4, -1, 105.7, 313.9)"
862,"(4, 2017, 81.5, 242.6)","(4, -1, 80.5, 256.2)"
863,"(58, 2012, 111.3, 289.8)","(58, -1, 104.9, 274.0)"
864,"(104, 2013, 130.3, 373.5)","(104, -1, 120.8, 367.7)"
865,"(104, 2017, 113.7, 260.5)","(104, -1, 127.2, 266.6)"
866,"(19, 2015, 94.4, 337.2)","(19, -1, 89.4, 334.2)"
867,"(8, 2014, 103.8, 287.7)","(8, -1, 89.2, 276.8)"
868,"(0, 2014, 128.5, 219.2)","(0, -1, 115.3, 215.3)"
869,"(102, 2015, 124.4, 272.1)","(102, -1, 106.2, 267.0)"
870,"(25, 2016, 100.6, 368.3)","(25, -1, 98.9, 395.5)"
871,"(58, 2015, 128.4, 394.6)","(58, -1, 138.2, 405.0)"
872,"(0, 2017, 113.1, 369.0)","(0, -1, 105.4, 350.5)"
873,"(40, 2012, 98.9, 232.4)","(40, -1, 103.7, 252.3)"
874,"(19, 2017, 106.9, 269.1)","(19, -1, 100.5, 222.4)"
875,"(19, 2013, 134.8, 366.2)","(19, -1, 178.2, 429.9)"
876,"(25, 2013, 123.0, 310.8)","(25, -1, 143.9, 312.1)"
877,"(0, 2013, 88.7, 355.2)","(0, -1, 96.3, 332.3)"
878,"(58, 2017, 77.8, 355.6)","(58, -1, 74.8, 383.1)"
879,"(40, 2013, 97.6, 214.2)","(40, -1, 102.6, 238.8)"
880,"(19, 2016, 126.7, 268.5)","(19, -1, 119.5, 275.7)"
881,"(0, 2017, 96.8, 295.8)","(0, -1, 95.3, 314.5)"
882,"(0, 2017, 92.4, 389.0)","(0, -1, 98.0, 382.3)"
883,"(4, 2014, 99.2, 379.6)","(4, -1, 100.9, 385.6)"
884,"(8, 2014, 110.8, 284.6)","(8, -1, 114.8, 259.1)"
885,"(0, 2015, 129.3, 219.1)","(0, -1, 128.3, 209.0)"
886,"(8, 2013, 165.2, 280.9)","(8, -1, 143.2, 253.9)"
887,"(8, 2014, 99.0, 307.2)","(8, -1, 103.5, 343.6)"
888,"(58, 2012, 117.8, 380.9)","(58, -1, 143.6, 370.5)"
889,"(102, 2015, 111.9, 259.0)","(102, -1, 117.1, 239.8)"
890,"(104, 2016, 149.5, 261.8)","(104, -1, 167.0, 251.6)"
891,"(104, 2014, 83.8, 325.4)","(104, -1, 95.6, 346.8)"
892,"(8, 2013, 105.8, 301.0)","(8, -1, 100.0, 297.5)"
893,"(25, 2016, 139.1, 239.2)","(25, -1, 131.0, 229.0)"
894,"(102, 2012, 92.5, 228.9)","(102, -1, 100.0, 200.2)"
895,"(102, 2012, 71.5, 297.9)","(102, -1, 65.1, 272.5)"
896,"(40, 2012, 105.6, 355.9)","(40, -1, 127.5, 351.4)"
897,"(102, 2016, 87.4, 355.8)","(102, -1, 87.3, 358.2)"
898,"(8, 2017, 134.4, 395.2)","(8, -1, 138.3, 350.0)"
899,"(25, 2014, 55.0, 276.5)","(25, -1, 62.5, 252.2)"
900,"(4, 2014, 109.8, 278.4)","(4, -1, 83.2, 295.3)"
901,"(4, 2017, 53.2, 200.4)","(4, -1, 49.4, 205.0)"
902,"(4, 2017, 126.5, 366.0)","(4, -1, 111.6, 373.9)"
903,"(102, 2013, 77.9, 329.3)","(102, -1, 78.8, 321.3)"
904,"(0, 2017, 86.6, 354.0)","(0, -1, 90.7, 344.5)"
905,"(0, 2016, 105.0, 294.1)","(0, -1, 109.8, 295.9)"
906,"(8, 2014, 82.5, 384.0)","(8, -1, 79.3, 390.3)"
907,"(4, 2017, 73.9, 205.8)","(4, -1, 76.8, 229.8)"
908,"(25, 2015, 101.6, 223.1)","(25, -1, 111.2, 216.5)"
909,"(58, 2013, 154.5, 275.2)","(58, -1, 151.5, 302.2)"
910,"(0, 2014, 53.2, 217.0)","(0, -1, 49.5, 199.5)"
911,"(58, 2015, 114.8, 217.6)","(58, -1, 130.0, 227.2)"
912,"(58, 2013, 67.5, 313.4)","(58, -1, 73.4, 300.3)"
913,"(8, 2012, 146.2, 243.2)","(8, -1, 159.7, 223.6)"
914,"(104, 2012, 114.4, 325.3)","(104, -1, 122.6, 369.7)"
915,"(58, 2015, 72.4, 385.9)","(58, -1, 69.9, 390.6)"
916,"(58, 2012, 131.4, 364.8)","(58, -1, 126.7, 392.4)"
917,"(40, 2015, 86.1, 249.7)","(40, -1, 77.8, 259.5)"
918,"(8, 2013, 106.5, 217.9)","(8, -1, 102.8, 231.4)"
919,"(40, 2014, 33.8, 390.0)","(40, -1, 41.4, 385.7)"
920,"(0, 2013, 93.5, 398.9)","(0, -1, 94.5, 365.4)"
921,"(19, 2015, 136.1, 274.9)","(19, -1, 133.8, 292.1)"
922,"(102, 2016, 133.3, 292.1)","(102, -1, 125.6, 264.1)"
923,"(0, 2016, 53.8, 229.1)","(0, -1, 58.3, 239.4)"
924,"(25, 2017, 127.0, 342.0)","(25, -1, 122.1, 303.5)"
925,"(4, 2017, 130.1, 284.4)","(4, -1, 109.1, 327.6)"
926,"(19, 2017, 99.8, 360.6)","(19, -1, 101.6, 347.6)"
927,"(40, 2015, 100.5, 315.5)","(40, -1, 75.6, 259.4)"
928,"(102, 2012, 111.7, 208.6)","(102, -1, 111.3, 204.3)"
929,"(58, 2015, 94.2, 267.0)","(58, -1, 80.2, 244.5)"
930,"(8, 2017, 85.4, 361.7)","(8, -1, 86.8, 359.9)"
931,"(102, 2014, 114.7, 337.6)","(102, -1, 116.2, 359.9)"
932,"(19, 2013, 139.4, 326.5)","(19, -1, 122.2, 331.8)"
933,"(25, 2015, 111.2, 334.5)","(25, -1, 122.0, 293.1)"
934,"(102, 2017, 78.3, 321.0)","(102, -1, 76.6, 317.4)"
935,"(0, 2014, 51.4, 328.2)","(0, -1, 56.6, 320.4)"
936,"(0, 2016, 73.1, 324.1)","(0, -1, 69.4, 338.8)"
937,"(4, 2015, 161.6, 306.7)","(4, -1, 155.6, 334.5)"
938,"(104, 2012, 52.5, 351.5)","(104, -1, 45.0, 353.0)"
939,"(19, 2017, 80.9, 273.9)","(19, -1, 82.1, 265.9)"
940,"(40, 2015, 133.6, 295.0)","(40, -1, 130.0, 285.9)"
941,"(0, 2017, 113.3, 280.3)","(0, -1, 117.0, 286.9)"
942,"(4, 2016, 130.3, 241.8)","(4, -1, 120.8, 238.0)"
943,"(4, 2017, 121.0, 264.4)","(4, -1, 127.2, 216.5)"
944,"(19, 2017, 106.7, 211.0)","(19, -1, 108.6, 220.1)"
945,"(102, 2014, 101.2, 265.1)","(102, -1, 106.1, 247.4)"
946,"(19, 2015, 71.8, 278.1)","(19, -1, 75.3, 269.6)"
947,"(102, 2015, 100.0, 218.7)","(102, -1, 99.1, 207.4)"
948,"(0, 2017, 122.2, 244.1)","(0, -1, 93.5, 243.3)"
949,"(8, 2012, 140.6, 249.9)","(8, -1, 147.5, 254.1)"
950,"(25, 2015, 128.6, 245.5)","(25, -1, 135.1, 259.2)"
951,"(25, 2013, 156.3, 270.0)","(25, -1, 144.2, 315.2)"
952,"(58, 2015, 113.4, 229.0)","(58, -1, 97.8, 216.9)"
953,"(0, 2014, 63.3, 346.3)","(0, -1, 66.3, 374.1)"
954,"(4, 2013, 66.0, 268.5)","(4, -1, 60.7, 295.3)"
955,"(102, 2012, 114.3, 224.5)","(102, -1, 106.1, 237.7)"
956,"(58, 2014, 23.6, 318.7)","(58, -1, 22.1, 289.7)"
957,"(40, 2012, 54.1, 235.9)","(40, -1, 54.1, 240.8)"
958,"(40, 2015, 134.5, 211.6)","(40, -1, 148.1, 249.4)"
959,"(102, 2015, 94.7, 232.7)","(102, -1, 86.2, 229.5)"
960,"(19, 2015, 140.2, 284.0)","(19, -1, 156.4, 278.6)"
961,"(58, 2016, 95.6, 338.7)","(58, -1, 99.8, 378.9)"
962,"(104, 2016, 103.0, 328.3)","(104, -1, 85.3, 349.3)"
963,"(104, 2016, 68.5, 201.0)","(104, -1, 81.8, 212.2)"
964,"(8, 2013, 89.4, 358.7)","(8, -1, 78.4, 322.4)"
965,"(4, 2016, 110.6, 267.1)","(4, -1, 119.2, 263.6)"
966,"(0, 2017, 157.8, 335.9)","(0, -1, 143.5, 365.8)"
967,"(104, 2017, 81.4, 206.5)","(104, -1, 82.0, 239.6)"
968,"(102, 2015, 114.4, 278.8)","(102, -1, 105.5, 264.0)"
969,"(102, 2015, 82.4, 203.9)","(102, -1, 92.8, 203.9)"
970,"(0, 2012, 48.6, 363.3)","(0, -1, 47.0, 369.0)"
971,"(25, 2014, 90.0, 237.4)","(25, -1, 87.0, 264.2)"
972,"(104, 2014, 95.7, 334.9)","(104, -1, 94.6, 367.4)"
973,"(0, 2013, 75.3, 255.4)","(0, -1, 88.6, 249.9)"
974,"(25, 2014, 82.8, 227.1)","(25, -1, 75.5, 216.3)"
975,"(40, 2013, 106.8, 386.1)","(40, -1, 90.0, 361.8)"
976,"(102, 2012, 121.8, 319.0)","(102, -1, 118.9, 288.9)"
977,"(8, 2015, 87.4, 378.1)","(8, -1, 87.5, 423.4)"
978,"(25, 2015, 70.9, 261.3)","(25, -1, 73.1, 240.5)"
979,"(102, 2013, 114.5, 366.0)","(102, -1, 107.3, 342.6)"
980,"(40, 2016, 78.7, 388.3)","(40, -1, 83.7, 433.2)"
981,"(0, 2012, 85.8, 279.0)","(0, -1, 85.2, 277.3)"
982,"(25, 2017, 97.3, 380.8)","(25, -1, 94.9, 397.1)"
983,"(25, 2015, 73.6, 267.0)","(25, -1, 76.9, 279.0)"
984,"(0, 2015, 118.9, 264.9)","(0, -1, 127.4, 264.0)"
985,"(8, 2012, 97.1, 399.1)","(8, -1, 95.1, 408.4)"
986,"(40, 2017, 70.8, 390.5)","(40, -1, 57.6, 439.2)"
987,"(40, 2017, 95.8, 245.7)","(40, -1, 106.7, 248.6)"
988,"(19, 2013, 123.5, 367.4)","(19, -1, 109.6, 444.5)"
989,"(0, 2016, 158.7, 268.5)","(0, -1, 170.2, 296.3)"
990,"(0, 2013, 110.8, 395.8)","(0, -1, 107.3, 336.7)"
991,"(4, 2012, 68.2, 370.0)","(4, -1, 76.8, 404.4)"
992,"(8, 2014, 70.2, 381.0)","(8, -1, 69.3, 411.4)"
993,"(4, 2013, 81.8, 314.7)","(4, -1, 97.5, 288.6)"
994,"(0, 2014, 53.3, 258.8)","(0, -1, 51.3, 252.9)"
995,"(4, 2012, 102.3, 239.5)","(4, -1, 97.9, 234.9)"
996,"(58, 2017, 109.9, 305.6)","(58, -1, 102.1, 288.8)"
997,"(19, 2014, 92.7, 334.3)","(19, -1, 85.8, 318.4)"
998,"(25, 2015, 87.9, 348.4)","(25, -1, 92.0, 390.0)"
999,"(19, 2014, 81.0, 234.1)","(19, -1, 74.2, 210.6)"
